{
  "schema_version": "mnde.latency_distribution_report.v1",
  "health": {
    "count": 118,
    "p50_ms": 4,
    "p95_ms": 14,
    "p99_ms": 17,
    "p999_ms": 19,
    "max_ms": 24
  },
  "decision": {
    "count": 6992,
    "p50_ms": 9,
    "p95_ms": 23,
    "p99_ms": 32,
    "p999_ms": 126,
    "max_ms": 157
  },
  "event_loop_lag": {
    "p99_ms": 11,
    "avg_ms": 15.038015089959373
  },
  "server_latency_averages": {
    "mnde_latency_avg_parse_ms": 0.0002901915264074289,
    "mnde_latency_avg_preflight_ms": 0.0783517121300058,
    "mnde_latency_avg_orbit_ms": 0.00014509576320371445,
    "mnde_latency_avg_arm_ms": 0.00014509576320371445,
    "mnde_latency_avg_ramona_ms": 0.00043528728961114336,
    "mnde_latency_avg_custody_ms": 0,
    "mnde_latency_avg_canonicalize_ms": 0.00043528728961114336,
    "mnde_latency_avg_receipt_build_ms": 0.00652930934416715,
    "mnde_latency_avg_signing_ms": 0.002901915264074289,
    "mnde_latency_avg_worker_queue_wait_ms": 2.59532791642484,
    "mnde_latency_avg_worker_exec_ms": 0.5441091120139292,
    "mnde_latency_avg_receipt_enqueue_ms": 0.0002901915264074289,
    "mnde_latency_avg_persistence_flush_ms": 0,
    "mnde_latency_avg_response_serialize_ms": 0,
    "mnde_latency_avg_response_flush_ms": 0,
    "mnde_latency_avg_total_server_ms": 4.08749274521184,
    "mnde_latency_avg_request_admission_wait_ms": 0,
    "mnde_latency_avg_request_body_read_ms": 0.0007254788160185723,
    "mnde_latency_avg_request_parse_ms": 0.0002901915264074289,
    "mnde_latency_avg_event_loop_lag_ms": 15.038015089959373
  }
}
